{
  "dense_0_weights": {
    "min": -0.7714754605884894,
    "max": 0.5031668621620177,
    "shape": [
      784,
      256
    ]
  },
  "dense_0_bias": {
    "min": -0.22323837172951613,
    "max": 0.16961789622007878,
    "shape": [
      256
    ]
  },
  "dense_1_weights": {
    "min": -0.6247029971648548,
    "max": 0.6484874628624175,
    "shape": [
      256,
      128
    ]
  },
  "dense_1_bias": {
    "min": -0.19082471540131715,
    "max": 0.2328199181218126,
    "shape": [
      128
    ]
  },
  "dense_2_weights": {
    "min": -0.6220610367613711,
    "max": 0.45480829166817344,
    "shape": [
      128,
      10
    ]
  },
  "dense_2_bias": {
    "min": -0.12600178387459857,
    "max": 0.1519731685005619,
    "shape": [
      10
    ]
  }
}